-- 開発用サンプルデータ

-- イベント1件（飲み会の日程調整）
-- 候補日程3件（4/10〜4/12）
-- 回答2件（田中・鈴木 各1件）
-- 出欠6件（各ユーザー × 3候補日）

-- events
INSERT INTO events (id, title, description, slug, created_at) VALUES (
        'a1b2c3d4-0000-0000-0000-000000000001',
        '開発チームの飲み会',
        '今月の打ち上げ日程を決めましょう！',
        'dev-team-party-2026',
        NOW()
);

-- candidate_dates
INSERT INTO candidate_dates (id, event_id, date) VALUES
    (
        'b1b2c3d4-0000-0000-0000-000000000001',
        'a1b2c3d4-0000-0000-0000-000000000001',
        '2026-04-10 19:00:00'
    ),
    (
        'b1b2c3d4-0000-0000-0000-000000000002',
        'a1b2c3d4-0000-0000-0000-000000000001',
        '2026-04-11 19:00:00'
    ),
    (
        'b1b2c3d4-0000-0000-0000-000000000003',
        'a1b2c3d4-0000-0000-0000-000000000001',
        '2026-04-12 19:00:00'
    );

-- answers (ユーザーごと 1 件)
INSERT INTO answers (id, event_id, name, comment) VALUES
    (
        'c1b2c3d4-0000-0000-0000-000000000001',
        'a1b2c3d4-0000-0000-0000-000000000001',
        '田中',
        '参加できます！'
    ),
    (
        'c1b2c3d4-0000-0000-0000-000000000002',
        'a1b2c3d4-0000-0000-0000-000000000001',
        '鈴木',
        '調整できるかも'
    );

-- attendances 
INSERT INTO attendances (answer_id, candidate_date_id, status) VALUES
    ('c1b2c3d4-0000-0000-0000-000000000001', 'b1b2c3d4-0000-0000-0000-000000000001', 'yes'),
    ('c1b2c3d4-0000-0000-0000-000000000001', 'b1b2c3d4-0000-0000-0000-000000000002', 'maybe'),
    ('c1b2c3d4-0000-0000-0000-000000000001', 'b1b2c3d4-0000-0000-0000-000000000003', 'no'),
    ('c1b2c3d4-0000-0000-0000-000000000002', 'b1b2c3d4-0000-0000-0000-000000000001', 'yes'),
    ('c1b2c3d4-0000-0000-0000-000000000002', 'b1b2c3d4-0000-0000-0000-000000000002', 'yes'),
    ('c1b2c3d4-0000-0000-0000-000000000002', 'b1b2c3d4-0000-0000-0000-000000000003', 'maybe');
